ch4_erate_mg_h,co2_erate_mg_h,lake_id,site_id,visit
0.652128925,0.029051982,1000,3,1
2.091859,0.1668402,1000,33,1
5.558693,0.1819435,1000,34,1
22.14497,0.6597789,1000,35,1
13.55145,0.1445151,1000,19,1
8.274974,0.1075387,1000,21,1
4.640193,0.1574275,1000,20,1
7.009567,0.2771743,1000,22,1
1.486867,0.05790319,1000,8,1
4.561996,0.1248803,1000,4,1
7.390655,0.2586336,1000,5,1
15.27126,0.4877412,1000,1,1
2.366249,0.09381483,1000,6,1
6.375883,0.3193347,1000,7,1
6.498894,0.226047,1000,2,1
